{
"lengthUnit": "mil",
"components": {
	"fields": ["COMPONENT_NO", "COMPONENT_NAME", "LAYER", "X_COORDINATE", "Y_COORDINATE", "ANGLE"],
	"rows": [
		[1, "C1", "T", 318.9, -496.06, 270],
		[2, "C2", "T", 496.06, -625.98, 180],
		[3, "C3", "T", 685.04, -948.82, 90],
		[4, "C4", "T", 116.44, -1075.4, 270],
		[5, "C5", "T", -82.68, -1011.81, 0],
		[6, "C6", "T", 120.38, -740.75, 270],
		[7, "C7", "T", -82.68, -1342.52, 0],
		[8, "C18", "T", 1043.31, -173.23, 90],
		[9, "C19", "T", 1456.69, -118.11, 180],
		[10, "C20", "T", 562.99, -1905.51, 180],
		[11, "C21", "T", 893.7, -1866.14, 270],
		[12, "C22", "T", 1729.82, -768.78, 270],
		[13, "C23", "T", 976.58, -675.91, 180],
		[14, "C24", "T", 882.09, -522.36, 270],
		[15, "C31", "T", 1098.43, -1122.05, 180],
		[16, "C32", "T", 996.06, -1122.05, 0],
		[17, "C34", "T", 1480.32, -1122.05, 180],
		[18, "C35", "T", 1377.95, -1122.05, 0],
		[19, "D3", "T", 496.06, -708.66, 0],
		[20, "DC1", "T", 27.56, -511.81, 0],
		[21, "H1", "T", 528.35, -2139.37, 0],
		[22, "H2", "T", 1814.96, -1716.54, 90],
		[23, "H3", "T", 461.79, -69.97, 180],
		[24, "H4", "T", 1814.96, -338.58, 90],
		[25, "H5", "T", 94.49, -1716.54, 270],
		[26, "L1", "T", 397.64, -948.82, 90],
		[27, "LED1", "T", 1409.45, -2098.43, 180],
		[28, "R2", "T", 586.41, -313.39, 180],
		[29, "R3", "T", 586.41, -360.64, 0],
		[30, "R9", "T", 1169.29, -173.23, 270],
		[31, "R10", "T", 1106.3, -196.85, 180],
		[32, "R11", "T", 1106.3, -149.61, 0],
		[33, "R17", "T", 976.58, -628.66, 0],
		[34, "R19", "T", 1795.28, -1913.39, 0],
		[35, "R20", "T", 658.64, -85.72, 90],
		[36, "R21", "T", 1799.21, -535.43, 0],
		[37, "R22", "T", 114.17, -1523.62, 180],
		[38, "R35", "T", 586.61, -1838.58, 270],
		[39, "R36", "T", 539.37, -1838.58, 270],
		[40, "R37", "T", 1511.81, -2098.43, 180],
		[41, "SW2", "T", 1110.24, -47.24, 0],
		[42, "U1", "T", 495.86, -494.49, 180],
		[43, "U9", "T", 1456.69, -27.56, 270],
		[44, "U10", "T", 1287.61, -510.55, 180],
		[45, "U12", "T", 562.99, -1984.25, 270],
		[46, "U13", "T", 1816.44, -768.78, 270],
		[47, "U14", "T", 980.32, -1866.14, 270],
		[48, "U15", "T", 1047.24, -1039.37, 0],
		[49, "U16", "T", 1429.13, -1039.37, 0],
		[50, "U19", "T", 33.77, -910.04, 0],
		[51, "U20", "T", 29.83, -1240.75, 0],
		[52, "U21", "T", 1814.96, -1039.37, 90],
		[53, "X1", "T", 976.58, -522.36, 270]
	]
},
"pins": {
	"fields": ["PIN_NO", "PIN_NAME", "PIN_X", "PIN_Y", "LAYER", "PIN_TYPE", "NET_NAME", "NET_TYPE", "PAD_SHAPE", "PAD_SIZEX", "PAD_SIZEY", "HOLE_SIZE", "PAD_ANGLE"],
	"rows": [
		[1, "C1_1", 318.9, -468.5, "T", "SMD", "GND", "GND", "R", 31.5, 35.43, 0, 270],
		[2, "C1_2", 318.9, -523.62, "T", "SMD", "VIN", "", "R", 31.5, 35.43, 0, 270],
		[3, "C2_1", 517.52, -625.98, "T", "SMD", "$1N1162", "", "R", 31.11, 21.26, 0, 180],
		[4, "C2_2", 474.6, -625.98, "T", "SMD", "$1N1166", "", "R", 31.11, 21.26, 0, 180],
		[5, "C3_1", 685.04, -1053.94, "T", "SMD", "5V", "", "R", 137.79, 47.24, 0, 90],
		[6, "C3_2", 685.04, -843.7, "T", "SMD", "GND", "GND", "R", 137.79, 47.24, 0, 90],
		[7, "C4_1", 116.44, -1053.94, "T", "SMD", "GND", "GND", "R", 31.11, 21.26, 0, 270],
		[8, "C4_2", 116.44, -1096.86, "T", "SMD", "5V", "", "R", 31.11, 21.26, 0, 270],
		[9, "C5_1", -104.14, -1011.81, "T", "SMD", "GND", "GND", "R", 31.11, 21.26, 0, 0],
		[10, "C5_2", -61.22, -1011.81, "T", "SMD", "3.3V", "", "R", 31.11, 21.26, 0, 0],
		[11, "C6_1", 120.38, -719.29, "T", "SMD", "GND", "GND", "R", 31.11, 21.26, 0, 270],
		[12, "C6_2", 120.38, -762.21, "T", "SMD", "5V", "", "R", 31.11, 21.26, 0, 270],
		[13, "C7_1", -104.14, -1342.52, "T", "SMD", "GND", "GND", "R", 31.11, 21.26, 0, 0],
		[14, "C7_2", -61.22, -1342.52, "T", "SMD", "1.8V", "", "R", 31.11, 21.26, 0, 0],
		[15, "C18_1", 1043.31, -194.69, "T", "SMD", "GND", "GND", "R", 31.11, 21.26, 0, 90],
		[16, "C18_2", 1043.31, -151.77, "T", "SMD", "$1N65391", "", "R", 31.11, 21.26, 0, 90],
		[17, "C19_1", 1478.15, -118.11, "T", "SMD", "3.3V", "", "R", 31.11, 21.26, 0, 180],
		[18, "C19_2", 1435.23, -118.11, "T", "SMD", "GND", "GND", "R", 31.11, 21.26, 0, 180],
		[19, "C20_1", 584.45, -1905.51, "T", "SMD", "3.3V", "", "R", 31.11, 21.26, 0, 180],
		[20, "C20_2", 541.53, -1905.51, "T", "SMD", "GND", "GND", "R", 31.11, 21.26, 0, 180],
		[21, "C21_1", 893.7, -1844.68, "T", "SMD", "1.8V", "", "R", 31.11, 21.26, 0, 270],
		[22, "C21_2", 893.7, -1887.6, "T", "SMD", "GND", "GND", "R", 31.11, 21.26, 0, 270],
		[23, "C22_1", 1729.82, -747.32, "T", "SMD", "3.3V", "", "R", 31.11, 21.26, 0, 270],
		[24, "C22_2", 1729.82, -790.24, "T", "SMD", "GND", "GND", "R", 31.11, 21.26, 0, 270],
		[25, "C23_1", 998.04, -675.91, "T", "SMD", "3.3V", "", "R", 31.11, 21.26, 0, 180],
		[26, "C23_2", 955.12, -675.91, "T", "SMD", "GND", "GND", "R", 31.11, 21.26, 0, 180],
		[27, "C24_1", 882.09, -500.9, "T", "SMD", "3.3V", "", "R", 31.11, 21.26, 0, 270],
		[28, "C24_2", 882.09, -543.82, "T", "SMD", "GND", "GND", "R", 31.11, 21.26, 0, 270],
		[29, "C31_1", 1119.89, -1122.05, "T", "SMD", "3.3V", "", "R", 31.11, 21.26, 0, 180],
		[30, "C31_2", 1076.97, -1122.05, "T", "SMD", "GND", "GND", "R", 31.11, 21.26, 0, 180],
		[31, "C32_1", 974.6, -1122.05, "T", "SMD", "1.8V", "", "R", 31.11, 21.26, 0, 0],
		[32, "C32_2", 1017.52, -1122.05, "T", "SMD", "GND", "GND", "R", 31.11, 21.26, 0, 0],
		[33, "C34_1", 1501.78, -1122.05, "T", "SMD", "3.3V", "", "R", 31.11, 21.26, 0, 180],
		[34, "C34_2", 1458.86, -1122.05, "T", "SMD", "GND", "GND", "R", 31.11, 21.26, 0, 180],
		[35, "C35_1", 1356.49, -1122.05, "T", "SMD", "1.8V", "", "R", 31.11, 21.26, 0, 0],
		[36, "C35_2", 1399.41, -1122.05, "T", "SMD", "GND", "GND", "R", 31.11, 21.26, 0, 0],
		[37, "D3_1", 594.63, -708.66, "T", "SMD", "GND", "GND", "R", 81.2, 60.59, 0, 0],
		[38, "D3_2", 397.49, -708.66, "T", "SMD", "$1N1166", "", "R", 81.2, 60.59, 0, 0],
		[39, "DC1_1", 149.6, -419.3, "T", "DIP", "VIN", "", "O", 78.74, 181.1, 145.67, 0],
		[40, "DC1_1", 149.6, -419.3, "B", "DIP", "VIN", "", "O", 78.74, 181.1, 145.67, 0],
		[41, "DC1_2", -94.48, -419.29, "T", "DIP", "GND", "GND", "O", 78.74, 181.1, 145.67, 180],
		[42, "DC1_2", -94.48, -419.29, "B", "DIP", "GND", "GND", "O", 78.74, 181.1, 145.67, 180],
		[43, "DC1_3", 31.5, -604.34, "T", "DIP", "GND", "GND", "O", 181.1, 78.74, 145.67, 0],
		[44, "DC1_3", 31.5, -604.34, "B", "DIP", "GND", "GND", "O", 181.1, 78.74, 145.67, 0],
		[45, "H1_1", 174.02, -2100, "T", "DIP", "RC", "", "R", 57.09, 57.09, 35.43, 0],
		[46, "H1_1", 174.02, -2100, "B", "DIP", "RC", "", "R", 57.09, 57.09, 35.43, 0],
		[47, "H1_2", 174.02, -2178.74, "T", "DIP", "H1_2", "", "C", 57.09, 57.09, 35.43, 0],
		[48, "H1_2", 174.02, -2178.74, "B", "DIP", "H1_2", "", "C", 57.09, 57.09, 35.43, 0],
		[49, "H1_3", 252.76, -2100, "T", "DIP", "H1_3", "", "C", 57.09, 57.09, 35.43, 0],
		[50, "H1_3", 252.76, -2100, "B", "DIP", "H1_3", "", "C", 57.09, 57.09, 35.43, 0],
		[51, "H1_4", 252.76, -2178.74, "T", "DIP", "CS0", "", "C", 57.09, 57.09, 35.43, 0],
		[52, "H1_4", 252.76, -2178.74, "B", "DIP", "CS0", "", "C", 57.09, 57.09, 35.43, 0],
		[53, "H1_5", 331.5, -2100, "T", "DIP", "H1_5", "", "C", 57.09, 57.09, 35.43, 0],
		[54, "H1_5", 331.5, -2100, "B", "DIP", "H1_5", "", "C", 57.09, 57.09, 35.43, 0],
		[55, "H1_6", 331.5, -2178.74, "T", "DIP", "SCK", "", "C", 57.09, 57.09, 35.43, 0],
		[56, "H1_6", 331.5, -2178.74, "B", "DIP", "SCK", "", "C", 57.09, 57.09, 35.43, 0],
		[57, "H1_7", 410.24, -2100, "T", "DIP", "SCL_B", "", "C", 57.09, 57.09, 35.43, 0],
		[58, "H1_7", 410.24, -2100, "B", "DIP", "SCL_B", "", "C", 57.09, 57.09, 35.43, 0],
		[59, "H1_8", 410.24, -2178.74, "T", "DIP", "MOSI", "", "C", 57.09, 57.09, 35.43, 0],
		[60, "H1_8", 410.24, -2178.74, "B", "DIP", "MOSI", "", "C", 57.09, 57.09, 35.43, 0],
		[61, "H1_9", 488.98, -2100, "T", "DIP", "H1_9", "", "C", 57.09, 57.09, 35.43, 0],
		[62, "H1_9", 488.98, -2100, "B", "DIP", "H1_9", "", "C", 57.09, 57.09, 35.43, 0],
		[63, "H1_10", 488.98, -2178.74, "T", "DIP", "MISO", "", "C", 57.09, 57.09, 35.43, 0],
		[64, "H1_10", 488.98, -2178.74, "B", "DIP", "MISO", "", "C", 57.09, 57.09, 35.43, 0],
		[65, "H1_11", 567.72, -2100, "T", "DIP", "H1_11", "", "C", 57.09, 57.09, 35.43, 0],
		[66, "H1_11", 567.72, -2100, "B", "DIP", "H1_11", "", "C", 57.09, 57.09, 35.43, 0],
		[67, "H1_12", 567.72, -2178.74, "T", "DIP", "SDA_B", "", "C", 57.09, 57.09, 35.43, 0],
		[68, "H1_12", 567.72, -2178.74, "B", "DIP", "SDA_B", "", "C", 57.09, 57.09, 35.43, 0],
		[69, "H1_13", 646.46, -2100, "T", "DIP", "H1_13", "", "C", 57.09, 57.09, 35.43, 0],
		[70, "H1_13", 646.46, -2100, "B", "DIP", "H1_13", "", "C", 57.09, 57.09, 35.43, 0],
		[71, "H1_14", 646.46, -2178.74, "T", "DIP", "H1_14", "", "C", 57.09, 57.09, 35.43, 0],
		[72, "H1_14", 646.46, -2178.74, "B", "DIP", "H1_14", "", "C", 57.09, 57.09, 35.43, 0],
		[73, "H1_15", 725.2, -2100, "T", "DIP", "GND", "GND", "C", 57.09, 57.09, 35.43, 0],
		[74, "H1_15", 725.2, -2100, "B", "DIP", "GND", "GND", "C", 57.09, 57.09, 35.43, 0],
		[75, "H1_16", 725.2, -2178.74, "T", "DIP", "GND", "GND", "C", 57.09, 57.09, 35.43, 0],
		[76, "H1_16", 725.2, -2178.74, "B", "DIP", "GND", "GND", "C", 57.09, 57.09, 35.43, 0],
		[77, "H1_17", 803.94, -2100, "T", "DIP", "H1_17", "", "C", 57.09, 57.09, 35.43, 0],
		[78, "H1_17", 803.94, -2100, "B", "DIP", "H1_17", "", "C", 57.09, 57.09, 35.43, 0],
		[79, "H1_18", 803.94, -2178.74, "T", "DIP", "H1_18", "", "C", 57.09, 57.09, 35.43, 0],
		[80, "H1_18", 803.94, -2178.74, "B", "DIP", "H1_18", "", "C", 57.09, 57.09, 35.43, 0],
		[81, "H1_19", 882.68, -2100, "T", "DIP", "H1_19", "", "C", 57.09, 57.09, 35.43, 0],
		[82, "H1_19", 882.68, -2100, "B", "DIP", "H1_19", "", "C", 57.09, 57.09, 35.43, 0],
		[83, "H1_20", 882.68, -2178.74, "T", "DIP", "H1_20", "", "C", 57.09, 57.09, 35.43, 0],
		[84, "H1_20", 882.68, -2178.74, "B", "DIP", "H1_20", "", "C", 57.09, 57.09, 35.43, 0],
		[85, "H2_1", 1814.96, -1816.54, "T", "DIP", "$1N31524", "", "R", 70.87, 70.87, 43.31, 90],
		[86, "H2_1", 1814.96, -1816.54, "B", "DIP", "$1N31524", "", "R", 70.87, 70.87, 43.31, 90],
		[87, "H2_2", 1814.96, -1716.54, "T", "DIP", "H2_2", "", "C", 70.87, 70.87, 43.31, 90],
		[88, "H2_2", 1814.96, -1716.54, "B", "DIP", "H2_2", "", "C", 70.87, 70.87, 43.31, 90],
		[89, "H2_3", 1814.96, -1616.54, "T", "DIP", "GND", "GND", "C", 70.87, 70.87, 43.31, 90],
		[90, "H2_3", 1814.96, -1616.54, "B", "DIP", "GND", "GND", "C", 70.87, 70.87, 43.31, 90],
		[91, "H3_1", 561.79, -69.97, "T", "DIP", "$1N31629", "", "R", 70.87, 70.87, 43.31, 180],
		[92, "H3_1", 561.79, -69.97, "B", "DIP", "$1N31629", "", "R", 70.87, 70.87, 43.31, 180],
		[93, "H3_2", 461.79, -69.97, "T", "DIP", "H3_2", "", "C", 70.87, 70.87, 43.31, 180],
		[94, "H3_2", 461.79, -69.97, "B", "DIP", "H3_2", "", "C", 70.87, 70.87, 43.31, 180],
		[95, "H3_3", 361.79, -69.97, "T", "DIP", "GND", "GND", "C", 70.87, 70.87, 43.31, 180],
		[96, "H3_3", 361.79, -69.97, "B", "DIP", "GND", "GND", "C", 70.87, 70.87, 43.31, 180],
		[97, "H4_1", 1814.96, -438.58, "T", "DIP", "$1N31832", "", "R", 70.87, 70.87, 43.31, 90],
		[98, "H4_1", 1814.96, -438.58, "B", "DIP", "$1N31832", "", "R", 70.87, 70.87, 43.31, 90],
		[99, "H4_2", 1814.96, -338.58, "T", "DIP", "H4_2", "", "C", 70.87, 70.87, 43.31, 90],
		[100, "H4_2", 1814.96, -338.58, "B", "DIP", "H4_2", "", "C", 70.87, 70.87, 43.31, 90],
		[101, "H4_3", 1814.96, -238.58, "T", "DIP", "GND", "GND", "C", 70.87, 70.87, 43.31, 90],
		[102, "H4_3", 1814.96, -238.58, "B", "DIP", "GND", "GND", "C", 70.87, 70.87, 43.31, 90],
		[103, "H5_1", 94.49, -1616.54, "T", "DIP", "$1N31834", "", "R", 70.87, 70.87, 43.31, 270],
		[104, "H5_1", 94.49, -1616.54, "B", "DIP", "$1N31834", "", "R", 70.87, 70.87, 43.31, 270],
		[105, "H5_2", 94.49, -1716.54, "T", "DIP", "H5_2", "", "C", 70.87, 70.87, 43.31, 270],
		[106, "H5_2", 94.49, -1716.54, "B", "DIP", "H5_2", "", "C", 70.87, 70.87, 43.31, 270],
		[107, "H5_3", 94.49, -1816.54, "T", "DIP", "GND", "GND", "C", 70.87, 70.87, 43.31, 270],
		[108, "H5_3", 94.49, -1816.54, "B", "DIP", "GND", "GND", "C", 70.87, 70.87, 43.31, 270],
		[109, "L1_1", 397.64, -825.67, "T", "SMD", "$1N1166", "", "R", 95.43, 142.52, 0, 90],
		[110, "L1_2", 397.64, -1071.97, "T", "SMD", "5V", "", "R", 95.43, 142.52, 0, 90],
		[111, "LED1_1", 1377.95, -2098.43, "T", "SMD", "3.3V", "", "R", 31.5, 31.5, 0, 270],
		[112, "LED1_2", 1440.95, -2098.43, "T", "SMD", "$1N81817", "", "R", 31.5, 31.5, 0, 270],
		[113, "R2_1", 603.45, -313.39, "T", "SMD", "$1N1614", "", "R", 22.27, 21.26, 0, 180],
		[114, "R2_2", 569.37, -313.39, "T", "SMD", "5V", "", "R", 22.27, 21.26, 0, 180],
		[115, "R3_1", 569.37, -360.64, "T", "SMD", "GND", "GND", "R", 22.27, 21.26, 0, 0],
		[116, "R3_2", 603.45, -360.64, "T", "SMD", "$1N1614", "", "R", 22.27, 21.26, 0, 0],
		[117, "R9_1", 1169.29, -156.19, "T", "SMD", "$1N65387", "", "R", 22.27, 21.26, 0, 270],
		[118, "R9_2", 1169.29, -190.27, "T", "SMD", "VIN", "", "R", 22.27, 21.26, 0, 270],
		[119, "R10_1", 1123.34, -196.85, "T", "SMD", "$1N65387", "", "R", 22.27, 21.26, 0, 180],
		[120, "R10_2", 1089.26, -196.85, "T", "SMD", "GND", "GND", "R", 22.27, 21.26, 0, 180],
		[121, "R11_1", 1089.26, -149.61, "T", "SMD", "$1N65391", "", "R", 22.27, 21.26, 0, 0],
		[122, "R11_2", 1123.34, -149.61, "T", "SMD", "$1N65387", "", "R", 22.27, 21.26, 0, 0],
		[123, "R17_1", 959.54, -628.66, "T", "SMD", "GND", "GND", "R", 22.27, 21.26, 0, 0],
		[124, "R17_2", 993.62, -628.66, "T", "SMD", "$1N14034", "", "R", 22.27, 21.26, 0, 0],
		[125, "R19_1", 1778.24, -1913.39, "T", "SMD", "PWM0", "", "R", 22.27, 21.26, 0, 0],
		[126, "R19_2", 1812.32, -1913.39, "T", "SMD", "$1N31524", "", "R", 22.27, 21.26, 0, 0],
		[127, "R20_1", 658.64, -102.76, "T", "SMD", "PWM1", "", "R", 22.27, 21.26, 0, 90],
		[128, "R20_2", 658.64, -68.68, "T", "SMD", "$1N31629", "", "R", 22.27, 21.26, 0, 90],
		[129, "R21_1", 1782.17, -535.43, "T", "SMD", "PWM2", "", "R", 22.27, 21.26, 0, 0],
		[130, "R21_2", 1816.25, -535.43, "T", "SMD", "$1N31832", "", "R", 22.27, 21.26, 0, 0],
		[131, "R22_1", 131.21, -1523.62, "T", "SMD", "PWM3", "", "R", 22.27, 21.26, 0, 180],
		[132, "R22_2", 97.13, -1523.62, "T", "SMD", "$1N31834", "", "R", 22.27, 21.26, 0, 180],
		[133, "R35_1", 586.61, -1821.54, "T", "SMD", "3.3V", "", "R", 22.27, 21.26, 0, 270],
		[134, "R35_2", 586.61, -1855.62, "T", "SMD", "SDA", "", "R", 22.27, 21.26, 0, 270],
		[135, "R36_1", 539.37, -1821.54, "T", "SMD", "3.3V", "", "R", 22.27, 21.26, 0, 270],
		[136, "R36_2", 539.37, -1855.62, "T", "SMD", "SCL", "", "R", 22.27, 21.26, 0, 270],
		[137, "R37_1", 1528.85, -2098.43, "T", "SMD", "GND", "GND", "R", 22.27, 21.26, 0, 180],
		[138, "R37_2", 1494.77, -2098.43, "T", "SMD", "$1N81817", "", "R", 22.27, 21.26, 0, 180],
		[139, "SW2_1", 933.07, -47.24, "T", "SMD", "$1N65391", "", "R", 43.31, 59.05, 0, 270],
		[140, "SW2_2", 1287.4, -47.24, "T", "SMD", "$1N65397", "", "R", 43.31, 59.05, 0, 270],
		[141, "U1_1", 602.15, -569.49, "T", "SMD", "$1N1162", "", "R", 51.18, 23.62, 0, 180],
		[142, "U1_2", 602.15, -519.49, "T", "SMD", "U1_2", "", "R", 51.18, 23.62, 0, 180],
		[143, "U1_3", 602.15, -469.49, "T", "SMD", "U1_3", "", "R", 51.18, 23.62, 0, 180],
		[144, "U1_4", 602.15, -419.49, "T", "SMD", "$1N1614", "", "R", 51.18, 23.62, 0, 180],
		[145, "U1_5", 389.56, -419.49, "T", "SMD", "U1_5", "", "R", 51.18, 23.62, 0, 180],
		[146, "U1_6", 389.56, -469.49, "T", "SMD", "GND", "GND", "R", 51.18, 23.62, 0, 180],
		[147, "U1_7", 389.56, -519.49, "T", "SMD", "VIN", "", "R", 51.18, 23.62, 0, 180],
		[148, "U1_8", 389.56, -569.49, "T", "SMD", "$1N1166", "", "R", 51.18, 23.62, 0, 180],
		[149, "U1_9", 495.85, -494.49, "T", "SMD", "GND", "GND", "R", 98.42, 137.79, 0, 180],
		[150, "U9_1", 1373.62, 11.81, "T", "SMD", "GND", "GND", "O", 11.02, 63.78, 0, 270],
		[151, "U9_2", 1373.62, -7.88, "T", "SMD", "U9_2", "", "O", 11.02, 63.78, 0, 270],
		[152, "U9_3", 1373.62, -27.56, "T", "SMD", "GND", "GND", "O", 11.02, 63.78, 0, 270],
		[153, "U9_4", 1373.62, -47.25, "T", "SMD", "$1N65397", "", "O", 11.02, 63.78, 0, 270],
		[154, "U9_5", 1373.62, -66.93, "T", "SMD", "U9_5", "", "O", 11.02, 63.78, 0, 270],
		[155, "U9_6", 1539.76, -66.93, "T", "SMD", "U9_6", "", "O", 11.02, 63.78, 0, 270],
		[156, "U9_7", 1539.76, -47.25, "T", "SMD", "U9_7", "", "O", 11.02, 63.78, 0, 270],
		[157, "U9_8", 1539.76, -27.56, "T", "SMD", "3.3V", "", "O", 11.02, 63.78, 0, 270],
		[158, "U9_9", 1539.76, -7.88, "T", "SMD", "SDA", "", "O", 11.02, 63.78, 0, 270],
		[159, "U9_10", 1539.76, 11.81, "T", "SMD", "SCL", "", "O", 11.02, 63.78, 0, 270],
		[160, "U10_1", 1413.59, -676.9, "T", "SMD", "GND", "GND", "O", 71, 16, 0, 180],
		[161, "U10_2", 1413.59, -651.31, "T", "SMD", "GND", "GND", "O", 71, 16, 0, 180],
		[162, "U10_3", 1413.59, -625.71, "T", "SMD", "GND", "GND", "O", 71, 16, 0, 180],
		[163, "U10_4", 1413.59, -600.12, "T", "SMD", "GND", "GND", "O", 71, 16, 0, 180],
		[164, "U10_5", 1413.59, -574.53, "T", "SMD", "GND", "GND", "O", 71, 16, 0, 180],
		[165, "U10_6", 1413.59, -548.94, "T", "SMD", "PWM0", "", "O", 71, 16, 0, 180],
		[166, "U10_7", 1413.59, -523.35, "T", "SMD", "PWM1", "", "O", 71, 16, 0, 180],
		[167, "U10_8", 1413.59, -497.76, "T", "SMD", "PWM2", "", "O", 71, 16, 0, 180],
		[168, "U10_9", 1413.59, -472.17, "T", "SMD", "PWM3", "", "O", 71, 16, 0, 180],
		[169, "U10_10", 1413.59, -446.58, "T", "SMD", "U10_10", "", "O", 71, 16, 0, 180],
		[170, "U10_11", 1413.59, -420.99, "T", "SMD", "U10_11", "", "O", 71, 16, 0, 180],
		[171, "U10_12", 1413.59, -395.4, "T", "SMD", "U10_12", "", "O", 71, 16, 0, 180],
		[172, "U10_13", 1413.59, -369.81, "T", "SMD", "U10_13", "", "O", 71, 16, 0, 180],
		[173, "U10_14", 1413.59, -344.21, "T", "SMD", "GND", "GND", "O", 71, 16, 0, 180],
		[174, "U10_15", 1161.63, -344.21, "T", "SMD", "U10_15", "", "O", 71, 16, 0, 180],
		[175, "U10_16", 1161.63, -369.81, "T", "SMD", "U10_16", "", "O", 71, 16, 0, 180],
		[176, "U10_17", 1161.63, -395.4, "T", "SMD", "U10_17", "", "O", 71, 16, 0, 180],
		[177, "U10_18", 1161.63, -420.99, "T", "SMD", "U10_18", "", "O", 71, 16, 0, 180],
		[178, "U10_19", 1161.63, -446.58, "T", "SMD", "U10_19", "", "O", 71, 16, 0, 180],
		[179, "U10_20", 1161.63, -472.17, "T", "SMD", "U10_20", "", "O", 71, 16, 0, 180],
		[180, "U10_21", 1161.63, -497.76, "T", "SMD", "U10_21", "", "O", 71, 16, 0, 180],
		[181, "U10_22", 1161.63, -523.35, "T", "SMD", "U10_22", "", "O", 71, 16, 0, 180],
		[182, "U10_23", 1161.63, -548.94, "T", "SMD", "GND", "GND", "O", 71, 16, 0, 180],
		[183, "U10_24", 1161.63, -574.53, "T", "SMD", "GND", "GND", "O", 71, 16, 0, 180],
		[184, "U10_25", 1161.63, -600.12, "T", "SMD", "$1N14034", "", "O", 71, 16, 0, 180],
		[185, "U10_26", 1161.63, -625.71, "T", "SMD", "SCL", "", "O", 71, 16, 0, 180],
		[186, "U10_27", 1161.63, -651.3, "T", "SMD", "SDA", "", "O", 71, 16, 0, 180],
		[187, "U10_28", 1161.63, -676.89, "T", "SMD", "3.3V", "", "O", 71, 16, 0, 180],
		[188, "U12_1", 501.97, -1954.25, "T", "SMD", "SCL", "", "R", 9.84, 27.56, 0, 90],
		[189, "U12_2", 501.97, -1974.25, "T", "SMD", "GND", "GND", "R", 9.84, 27.56, 0, 90],
		[190, "U12_3", 501.97, -1994.25, "T", "SMD", "1.8V", "", "R", 9.84, 27.56, 0, 90],
		[191, "U12_4", 501.97, -2014.25, "T", "SMD", "SCL_B", "", "R", 9.84, 27.56, 0, 90],
		[192, "U12_5", 624.02, -2014.25, "T", "SMD", "SDA_B", "", "R", 9.84, 27.56, 0, 90],
		[193, "U12_6", 624.02, -1994.25, "T", "SMD", "1.8V", "", "R", 9.84, 27.56, 0, 90],
		[194, "U12_7", 624.02, -1974.25, "T", "SMD", "3.3V", "", "R", 9.84, 27.56, 0, 90],
		[195, "U12_8", 624.02, -1954.25, "T", "SMD", "SDA", "", "R", 9.84, 27.56, 0, 90],
		[196, "U13_1", 1779.04, -819.96, "T", "SMD", "U13_1", "", "R", 43.31, 23.62, 0, 270],
		[197, "U13_2", 1816.44, -819.96, "T", "SMD", "$1N21159", "", "R", 43.31, 23.62, 0, 270],
		[198, "U13_3", 1853.84, -819.96, "T", "SMD", "GND", "GND", "R", 43.31, 23.62, 0, 270],
		[199, "U13_4", 1853.84, -717.59, "T", "SMD", "RC", "", "R", 43.31, 23.62, 0, 270],
		[200, "U13_5", 1779.04, -717.59, "T", "SMD", "3.3V", "", "R", 43.31, 23.62, 0, 270],
		[201, "U14_1", 942.92, -1917.33, "T", "SMD", "U14_1", "", "R", 43.31, 23.62, 0, 270],
		[202, "U14_2", 980.32, -1917.33, "T", "SMD", "CS0", "", "R", 43.31, 23.62, 0, 270],
		[203, "U14_3", 1017.72, -1917.33, "T", "SMD", "GND", "GND", "R", 43.31, 23.62, 0, 270],
		[204, "U14_4", 1017.72, -1814.96, "T", "SMD", "CS1", "", "R", 43.31, 23.62, 0, 270],
		[205, "U14_5", 942.92, -1814.96, "T", "SMD", "1.8V", "", "R", 43.31, 23.62, 0, 270],
		[206, "U15_1", 997.56, -1009.84, "T", "SMD", "MISO", "", "R", 26.57, 11.02, 0, 0],
		[207, "U15_2", 997.56, -1029.53, "T", "SMD", "U15_2", "", "R", 26.57, 11.02, 0, 0],
		[208, "U15_3", 997.56, -1049.21, "T", "SMD", "U15_3", "", "R", 26.57, 11.02, 0, 0],
		[209, "U15_4", 997.56, -1068.9, "T", "SMD", "U15_4", "", "R", 26.57, 11.02, 0, 0],
		[210, "U15_5", 1027.56, -1079.23, "T", "SMD", "1.8V", "", "R", 11.02, 26.57, 0, 0],
		[211, "U15_6", 1047.24, -1079.23, "T", "SMD", "GND", "GND", "R", 11.02, 26.57, 0, 0],
		[212, "U15_7", 1066.93, -1079.23, "T", "SMD", "U15_7", "", "R", 11.02, 26.57, 0, 0],
		[213, "U15_8", 1096.93, -1068.9, "T", "SMD", "3.3V", "", "R", 26.57, 11.02, 0, 0],
		[214, "U15_9", 1096.93, -1049.21, "T", "SMD", "U15_9", "", "R", 26.57, 11.02, 0, 0],
		[215, "U15_10", 1096.93, -1029.53, "T", "SMD", "U15_10", "", "R", 26.57, 11.02, 0, 0],
		[216, "U15_11", 1096.93, -1009.84, "T", "SMD", "U15_11", "", "R", 26.57, 11.02, 0, 0],
		[217, "U15_12", 1066.93, -999.51, "T", "SMD", "CS0", "", "R", 11.02, 26.57, 0, 0],
		[218, "U15_13", 1047.24, -999.51, "T", "SMD", "SCK", "", "R", 11.02, 26.57, 0, 0],
		[219, "U15_14", 1027.56, -999.51, "T", "SMD", "MOSI", "", "R", 11.02, 26.57, 0, 0],
		[220, "U16_1", 1379.45, -1009.84, "T", "SMD", "MISO", "", "R", 26.57, 11.02, 0, 0],
		[221, "U16_2", 1379.45, -1029.53, "T", "SMD", "U16_2", "", "R", 26.57, 11.02, 0, 0],
		[222, "U16_3", 1379.45, -1049.21, "T", "SMD", "U16_3", "", "R", 26.57, 11.02, 0, 0],
		[223, "U16_4", 1379.45, -1068.9, "T", "SMD", "U16_4", "", "R", 26.57, 11.02, 0, 0],
		[224, "U16_5", 1409.45, -1079.23, "T", "SMD", "1.8V", "", "R", 11.02, 26.57, 0, 0],
		[225, "U16_6", 1429.13, -1079.23, "T", "SMD", "GND", "GND", "R", 11.02, 26.57, 0, 0],
		[226, "U16_7", 1448.82, -1079.23, "T", "SMD", "U16_7", "", "R", 11.02, 26.57, 0, 0],
		[227, "U16_8", 1478.82, -1068.9, "T", "SMD", "3.3V", "", "R", 26.57, 11.02, 0, 0],
		[228, "U16_9", 1478.82, -1049.21, "T", "SMD", "U16_9", "", "R", 26.57, 11.02, 0, 0],
		[229, "U16_10", 1478.82, -1029.53, "T", "SMD", "U16_10", "", "R", 26.57, 11.02, 0, 0],
		[230, "U16_11", 1478.82, -1009.84, "T", "SMD", "U16_11", "", "R", 26.57, 11.02, 0, 0],
		[231, "U16_12", 1448.82, -999.51, "T", "SMD", "CS1", "", "R", 11.02, 26.57, 0, 0],
		[232, "U16_13", 1429.13, -999.51, "T", "SMD", "SCK", "", "R", 11.02, 26.57, 0, 0],
		[233, "U16_14", 1409.45, -999.51, "T", "SMD", "MOSI", "", "R", 11.02, 26.57, 0, 0],
		[234, "U19_1", 150.69, -1000.59, "T", "SMD", "GND", "GND", "R", 98.42, 43.31, 0, 0],
		[235, "U19_2", 150.69, -910.04, "T", "SMD", "3.3V", "", "R", 98.42, 43.31, 0, 0],
		[236, "U19_3", 150.69, -819.49, "T", "SMD", "5V", "", "R", 98.42, 43.31, 0, 0],
		[237, "U19_4", -83.16, -910.04, "T", "SMD", "3.3V", "", "R", 92.13, 141.73, 0, 0],
		[238, "U20_1", 141.44, -1331.3, "T", "SMD", "GND", "GND", "R", 97.24, 38.58, 0, 0],
		[239, "U20_2", 141.44, -1240.75, "T", "SMD", "1.8V", "", "R", 97.24, 38.58, 0, 0],
		[240, "U20_3", 141.44, -1150.2, "T", "SMD", "5V", "", "R", 97.24, 38.58, 0, 0],
		[241, "U20_4", -81.78, -1240.75, "T", "SMD", "1.8V", "", "R", 97.24, 141.73, 0, 0],
		[242, "U21_1", 1814.96, -1139.37, "T", "DIP", "GND", "GND", "C", 74.8, 74.8, 43.31, 90],
		[243, "U21_1", 1814.96, -1139.37, "B", "DIP", "GND", "GND", "C", 74.8, 74.8, 43.31, 90],
		[244, "U21_2", 1814.96, -1039.37, "T", "DIP", "5V", "", "C", 74.8, 74.8, 43.31, 90],
		[245, "U21_2", 1814.96, -1039.37, "B", "DIP", "5V", "", "C", 74.8, 74.8, 43.31, 90],
		[246, "U21_3", 1814.96, -939.37, "T", "DIP", "$1N21159", "", "C", 74.8, 74.8, 43.31, 90],
		[247, "U21_3", 1814.96, -939.37, "B", "DIP", "$1N21159", "", "C", 74.8, 74.8, 43.31, 90],
		[248, "X1_1", 942.13, -479.05, "T", "SMD", "3.3V", "", "R", 55.12, 47.24, 0, 270],
		[249, "X1_2", 942.13, -565.67, "T", "SMD", "GND", "GND", "R", 55.12, 47.24, 0, 270],
		[250, "X1_3", 1011.03, -565.67, "T", "SMD", "$1N14034", "", "R", 55.12, 47.24, 0, 270],
		[251, "X1_4", 1011.03, -479.05, "T", "SMD", "3.3V", "", "R", 55.12, 47.24, 0, 270]
	]
}
}